SC_CHRIX	0	0
SC_CHRIX	1	0
SC_CHRIX	2	119
SC_CHRIX	3	214
SC_CHRIX	4	107
SC_CHRIX	5	90
SC_CHRIX	6	147
SC_CHRIX	7	178
SC_CHRIX	8	93
SC_CHRIX	9	134
SC_CHRIX	10	73
SC_CHRIX	11	53
SC_CHRIX	12	64
SC_CHRIX	13	157
SC_CHRIX	14	119
SC_CHRIX	15	95
SC_CHRIX	16	90
SC_CHRIX	17	121
SC_CHRIX	18	112
SC_CHRIX	19	86
SC_CHRIX	20	54
SC_CHRIX	21	76
SC_CHRIX	22	73
SC_CHRIX	23	66
SC_CHRIX	24	132
SC_CHRIX	25	112
SC_CHRIX	26	101
SC_CHRIX	27	91
SC_CHRIX	28	112
SC_CHRIX	29	61
SC_CHRIX	30	99
SC_CHRIX	31	101
SC_CHRIX	32	59
SC_CHRIX	33	136
SC_CHRIX	34	106
SC_CHRIX	35	86
SC_CHRIX	36	86
SC_CHRIX	37	100
SC_CHRIX	38	265
SC_CHRIX	39	171
SC_CHRIX	40	126
SC_CHRIX	41	119
SC_CHRIX	42	230
SC_CHRIX	43	202
SC_CHRVI	0	0
SC_CHRVI	1	227
SC_CHRVI	2	263
SC_CHRVI	3	149
SC_CHRVI	4	111
SC_CHRVI	5	69
SC_CHRVI	6	102
SC_CHRVI	7	146
SC_CHRVI	8	124
SC_CHRVI	9	162
SC_CHRVI	10	166
SC_CHRVI	11	125
SC_CHRVI	12	62
SC_CHRVI	13	52
SC_CHRVI	14	93
SC_CHRVI	15	92
SC_CHRVI	16	102
SC_CHRVI	17	112
SC_CHRVI	18	115
SC_CHRVI	19	203
SC_CHRVI	20	134
SC_CHRVI	21	82
SC_CHRVI	22	125
SC_CHRVI	23	105
SC_CHRVI	24	97
SC_CHRVI	25	107
SC_CHRVI	26	106
SC_CHRI	0	144
SC_CHRI	1	236
SC_CHRI	2	135
SC_CHRI	3	249
SC_CHRI	4	153
SC_CHRI	5	132
SC_CHRI	6	108
SC_CHRI	7	106
SC_CHRI	8	95
SC_CHRI	9	102
SC_CHRI	10	77
SC_CHRI	11	98
SC_CHRI	12	82
SC_CHRI	13	109
SC_CHRI	14	64
SC_CHRI	15	115
SC_CHRI	16	37
SC_CHRI	17	106
SC_CHRI	18	187
SC_CHRI	19	321
SC_CHRI	20	88
SC_CHRIII	0	60
SC_CHRIII	1	113
SC_CHRIII	2	105
SC_CHRIII	3	96
SC_CHRIII	4	83
SC_CHRIII	5	94
SC_CHRIII	6	112
SC_CHRIII	7	106
SC_CHRIII	8	59
SC_CHRIII	9	87
SC_CHRIII	10	73
SC_CHRIII	11	140
SC_CHRIII	12	93
SC_CHRIII	13	54
SC_CHRIII	14	79
SC_CHRIII	15	96
SC_CHRIII	16	83
SC_CHRIII	17	73
SC_CHRIII	18	84
SC_CHRIII	19	61
SC_CHRIII	20	101
SC_CHRIII	21	86
SC_CHRIII	22	125
SC_CHRIII	23	89
SC_CHRIII	24	108
SC_CHRIII	25	94
SC_CHRIII	26	112
SC_CHRIII	27	108
SC_CHRIII	28	81
SC_CHRIII	29	247
SC_CHRIII	30	105
SC_CHRIII	31	142
SC_CHRVIII	0	57
SC_CHRVIII	1	164
SC_CHRVIII	2	131
SC_CHRVIII	3	112
SC_CHRVIII	4	118
SC_CHRVIII	5	132
SC_CHRVIII	6	114
SC_CHRVIII	7	130
SC_CHRVIII	8	67
SC_CHRVIII	9	277
SC_CHRVIII	10	84
SC_CHRVIII	11	127
SC_CHRVIII	12	92
SC_CHRVIII	13	135
SC_CHRVIII	14	117
SC_CHRVIII	15	147
SC_CHRVIII	16	88
SC_CHRVIII	17	118
SC_CHRVIII	18	90
SC_CHRVIII	19	109
SC_CHRVIII	20	115
SC_CHRVIII	21	77
SC_CHRVIII	22	97
SC_CHRVIII	23	97
SC_CHRVIII	24	74
SC_CHRVIII	25	107
SC_CHRVIII	26	77
SC_CHRVIII	27	61
SC_CHRVIII	28	46
SC_CHRVIII	29	113
SC_CHRVIII	30	54
SC_CHRVIII	31	95
SC_CHRVIII	32	86
SC_CHRVIII	33	98
SC_CHRVIII	34	85
SC_CHRVIII	35	101
SC_CHRVIII	36	88
SC_CHRVIII	37	103
SC_CHRVIII	38	134
SC_CHRVIII	39	117
SC_CHRVIII	40	77
SC_CHRVIII	41	75
SC_CHRVIII	42	88
SC_CHRVIII	43	88
SC_CHRVIII	44	72
SC_CHRVIII	45	110
SC_CHRVIII	46	127
SC_CHRVIII	47	55
SC_CHRVIII	48	75
SC_CHRVIII	49	85
SC_CHRVIII	50	71
SC_CHRVIII	51	87
SC_CHRVIII	52	134
SC_CHRVIII	53	0
SC_CHRVIII	54	0
SC_CHRVIII	55	67
SC_CHRXI	0	106
SC_CHRXI	1	157
SC_CHRXI	2	150
SC_CHRXI	3	96
SC_CHRXI	4	131
SC_CHRXI	5	60
SC_CHRXI	6	142
SC_CHRXI	7	109
SC_CHRXI	8	143
SC_CHRXI	9	139
SC_CHRXI	10	52
SC_CHRXI	11	72
SC_CHRXI	12	71
SC_CHRXI	13	95
SC_CHRXI	14	165
SC_CHRXI	15	67
SC_CHRXI	16	57
SC_CHRXI	17	97
SC_CHRXI	18	79
SC_CHRXI	19	91
SC_CHRXI	20	115
SC_CHRXI	21	117
SC_CHRXI	22	108
SC_CHRXI	23	166
SC_CHRXI	24	110
SC_CHRXI	25	88
SC_CHRXI	26	104
SC_CHRXI	27	118
SC_CHRXI	28	73
SC_CHRXI	29	71
SC_CHRXI	30	90
SC_CHRXI	31	176
SC_CHRXI	32	109
SC_CHRXI	33	93
SC_CHRXI	34	94
SC_CHRXI	35	151
SC_CHRXI	36	144
SC_CHRXI	37	111
SC_CHRXI	38	110
SC_CHRXI	39	116
SC_CHRXI	40	83
SC_CHRXI	41	95
SC_CHRXI	42	56
SC_CHRXI	43	77
SC_CHRXI	44	68
SC_CHRXI	45	70
SC_CHRXI	46	107
SC_CHRXI	47	89
SC_CHRXI	48	104
SC_CHRXI	49	94
SC_CHRXI	50	98
SC_CHRXI	51	117
SC_CHRXI	52	64
SC_CHRXI	53	61
SC_CHRXI	54	93
SC_CHRXI	55	90
SC_CHRXI	56	90
SC_CHRXI	57	105
SC_CHRXI	58	131
SC_CHRXI	59	64
SC_CHRXI	60	62
SC_CHRXI	61	111
SC_CHRXI	62	122
SC_CHRXI	63	72
SC_CHRXI	64	80
SC_CHRXI	65	78
SC_CHRVII	0	96
SC_CHRVII	1	332
SC_CHRVII	2	155
SC_CHRVII	3	96
SC_CHRVII	4	80
SC_CHRVII	5	79
SC_CHRVII	6	68
SC_CHRVII	7	129
SC_CHRVII	8	81
SC_CHRVII	9	88
SC_CHRVII	10	100
SC_CHRVII	11	108
SC_CHRVII	12	135
SC_CHRVII	13	132
SC_CHRVII	14	160
SC_CHRVII	15	122
SC_CHRVII	16	78
SC_CHRVII	17	122
SC_CHRVII	18	108
SC_CHRVII	19	138
SC_CHRVII	20	188
SC_CHRVII	21	128
SC_CHRVII	22	85
SC_CHRVII	23	86
SC_CHRVII	24	47
SC_CHRVII	25	83
SC_CHRVII	26	70
SC_CHRVII	27	100
SC_CHRVII	28	118
SC_CHRVII	29	77
SC_CHRVII	30	100
SC_CHRVII	31	103
SC_CHRVII	32	258
SC_CHRVII	33	86
SC_CHRVII	34	66
SC_CHRVII	35	101
SC_CHRVII	36	119
SC_CHRVII	37	87
SC_CHRVII	38	66
SC_CHRVII	39	116
SC_CHRVII	40	58
SC_CHRVII	41	103
SC_CHRVII	42	94
SC_CHRVII	43	122
SC_CHRVII	44	108
SC_CHRVII	45	72
SC_CHRVII	46	75
SC_CHRVII	47	85
SC_CHRVII	48	61
SC_CHRVII	49	88
SC_CHRVII	50	71
SC_CHRVII	51	93
SC_CHRVII	52	88
SC_CHRVII	53	48
SC_CHRVII	54	95
SC_CHRVII	55	74
SC_CHRVII	56	43
SC_CHRVII	57	65
SC_CHRVII	58	88
SC_CHRVII	59	99
SC_CHRVII	60	88
SC_CHRVII	61	64
SC_CHRVII	62	94
SC_CHRVII	63	101
SC_CHRVII	64	85
SC_CHRVII	65	131
SC_CHRVII	66	103
SC_CHRVII	67	88
SC_CHRVII	68	98
SC_CHRVII	69	70
SC_CHRVII	70	69
SC_CHRVII	71	88
SC_CHRVII	72	92
SC_CHRVII	73	134
SC_CHRVII	74	111
SC_CHRVII	75	80
SC_CHRVII	76	89
SC_CHRVII	77	148
SC_CHRVII	78	131
SC_CHRVII	79	112
SC_CHRVII	80	104
SC_CHRVII	81	22
SC_CHRVII	82	56
SC_CHRVII	83	94
SC_CHRVII	84	98
SC_CHRVII	85	119
SC_CHRVII	86	109
SC_CHRVII	87	87
SC_CHRVII	88	141
SC_CHRVII	89	198
SC_CHRVII	90	144
SC_CHRVII	91	138
SC_CHRVII	92	79
SC_CHRVII	93	112
SC_CHRVII	94	122
SC_CHRVII	95	154
SC_CHRVII	96	90
SC_CHRVII	97	85
SC_CHRVII	98	128
SC_CHRVII	99	137
SC_CHRVII	100	106
SC_CHRVII	101	76
SC_CHRVII	102	92
SC_CHRVII	103	79
SC_CHRVII	104	91
SC_CHRVII	105	86
SC_CHRVII	106	108
SC_CHRVII	107	121
SC_CHRXII	0	10
SC_CHRXII	1	92
SC_CHRXII	2	213
SC_CHRXII	3	129
SC_CHRXII	4	76
SC_CHRXII	5	110
SC_CHRXII	6	127
SC_CHRXII	7	108
SC_CHRXII	8	138
SC_CHRXII	9	125
SC_CHRXII	10	98
SC_CHRXII	11	123
SC_CHRXII	12	89
SC_CHRXII	13	77
SC_CHRXII	14	68
SC_CHRXII	15	88
SC_CHRXII	16	82
SC_CHRXII	17	109
SC_CHRXII	18	58
SC_CHRXII	19	62
SC_CHRXII	20	127
SC_CHRXII	21	84
SC_CHRXII	22	131
SC_CHRXII	23	104
SC_CHRXII	24	112
SC_CHRXII	25	85
SC_CHRXII	26	72
SC_CHRXII	27	80
SC_CHRXII	28	131
SC_CHRXII	29	94
SC_CHRXII	30	79
SC_CHRXII	31	75
SC_CHRXII	32	84
SC_CHRXII	33	79
SC_CHRXII	34	112
SC_CHRXII	35	67
SC_CHRXII	36	95
SC_CHRXII	37	158
SC_CHRXII	38	108
SC_CHRXII	39	211
SC_CHRXII	40	93
SC_CHRXII	41	84
SC_CHRXII	42	97
SC_CHRXII	43	84
SC_CHRXII	44	111
SC_CHRXII	45	70
SC_CHRXII	46	26
SC_CHRXII	47	0
SC_CHRXII	48	0
SC_CHRXII	49	105
SC_CHRXII	50	120
SC_CHRXII	51	98
SC_CHRXII	52	106
SC_CHRXII	53	112
SC_CHRXII	54	79
SC_CHRXII	55	91
SC_CHRXII	56	65
SC_CHRXII	57	81
SC_CHRXII	58	72
SC_CHRXII	59	49
SC_CHRXII	60	135
SC_CHRXII	61	74
SC_CHRXII	62	80
SC_CHRXII	63	67
SC_CHRXII	64	77
SC_CHRXII	65	61
SC_CHRXII	66	79
SC_CHRXII	67	145
SC_CHRXII	68	115
SC_CHRXII	69	99
SC_CHRXII	70	110
SC_CHRXII	71	143
SC_CHRXII	72	111
SC_CHRXII	73	87
SC_CHRXII	74	105
SC_CHRXII	75	92
SC_CHRXII	76	102
SC_CHRXII	77	70
SC_CHRXII	78	146
SC_CHRXII	79	142
SC_CHRXII	80	147
SC_CHRXII	81	451
SC_CHRXII	82	111
SC_CHRXII	83	119
SC_CHRXII	84	73
SC_CHRXII	85	117
SC_CHRXII	86	58
SC_CHRXII	87	97
SC_CHRXII	88	101
SC_CHRXII	89	108
SC_CHRXII	90	75
SC_CHRXII	91	80
SC_CHRXII	92	103
SC_CHRXII	93	104
SC_CHRXII	94	65
SC_CHRXII	95	121
SC_CHRXII	96	117
SC_CHRXII	97	56
SC_CHRXII	98	85
SC_CHRXII	99	77
SC_CHRXII	100	102
SC_CHRXII	101	84
SC_CHRXII	102	126
SC_CHRXII	103	78
SC_CHRXII	104	95
SC_CHRXII	105	110
SC_CHRXII	106	2
SC_CHRII	0	14
SC_CHRII	1	70
SC_CHRII	2	80
SC_CHRII	3	37
SC_CHRII	4	88
SC_CHRII	5	68
SC_CHRII	6	86
SC_CHRII	7	104
SC_CHRII	8	90
SC_CHRII	9	64
SC_CHRII	10	86
SC_CHRII	11	103
SC_CHRII	12	93
SC_CHRII	13	81
SC_CHRII	14	110
SC_CHRII	15	90
SC_CHRII	16	89
SC_CHRII	17	87
SC_CHRII	18	106
SC_CHRII	19	133
SC_CHRII	20	92
SC_CHRII	21	86
SC_CHRII	22	53
SC_CHRII	23	124
SC_CHRII	24	83
SC_CHRII	25	107
SC_CHRII	26	52
SC_CHRII	27	58
SC_CHRII	28	90
SC_CHRII	29	76
SC_CHRII	30	101
SC_CHRII	31	84
SC_CHRII	32	153
SC_CHRII	33	92
SC_CHRII	34	96
SC_CHRII	35	112
SC_CHRII	36	119
SC_CHRII	37	124
SC_CHRII	38	100
SC_CHRII	39	78
SC_CHRII	40	100
SC_CHRII	41	135
SC_CHRII	42	108
SC_CHRII	43	74
SC_CHRII	44	92
SC_CHRII	45	116
SC_CHRII	46	115
SC_CHRII	47	70
SC_CHRII	48	90
SC_CHRII	49	72
SC_CHRII	50	98
SC_CHRII	51	59
SC_CHRII	52	73
SC_CHRII	53	153
SC_CHRII	54	123
SC_CHRII	55	113
SC_CHRII	56	104
SC_CHRII	57	99
SC_CHRII	58	110
SC_CHRII	59	139
SC_CHRII	60	86
SC_CHRII	61	94
SC_CHRII	62	126
SC_CHRII	63	96
SC_CHRII	64	92
SC_CHRII	65	81
SC_CHRII	66	75
SC_CHRII	67	121
SC_CHRII	68	80
SC_CHRII	69	97
SC_CHRII	70	85
SC_CHRII	71	69
SC_CHRII	72	103
SC_CHRII	73	106
SC_CHRII	74	88
SC_CHRII	75	108
SC_CHRII	76	118
SC_CHRII	77	59
SC_CHRII	78	113
SC_CHRII	79	164
SC_CHRII	80	286
SC_CHRIV	0	0
SC_CHRIV	1	32
SC_CHRIV	2	145
SC_CHRIV	3	83
SC_CHRIV	4	76
SC_CHRIV	5	98
SC_CHRIV	6	125
SC_CHRIV	7	100
SC_CHRIV	8	148
SC_CHRIV	9	84
SC_CHRIV	10	101
SC_CHRIV	11	90
SC_CHRIV	12	99
SC_CHRIV	13	64
SC_CHRIV	14	81
SC_CHRIV	15	110
SC_CHRIV	16	72
SC_CHRIV	17	89
SC_CHRIV	18	87
SC_CHRIV	19	74
SC_CHRIV	20	52
SC_CHRIV	21	97
SC_CHRIV	22	67
SC_CHRIV	23	99
SC_CHRIV	24	112
SC_CHRIV	25	113
SC_CHRIV	26	105
SC_CHRIV	27	96
SC_CHRIV	28	90
SC_CHRIV	29	92
SC_CHRIV	30	91
SC_CHRIV	31	96
SC_CHRIV	32	106
SC_CHRIV	33	85
SC_CHRIV	34	98
SC_CHRIV	35	123
SC_CHRIV	36	60
SC_CHRIV	37	126
SC_CHRIV	38	98
SC_CHRIV	39	109
SC_CHRIV	40	96
SC_CHRIV	41	95
SC_CHRIV	42	110
SC_CHRIV	43	161
SC_CHRIV	44	95
SC_CHRIV	45	47
SC_CHRIV	46	67
SC_CHRIV	47	84
SC_CHRIV	48	84
SC_CHRIV	49	47
SC_CHRIV	50	104
SC_CHRIV	51	94
SC_CHRIV	52	479
SC_CHRIV	53	164
SC_CHRIV	54	75
SC_CHRIV	55	75
SC_CHRIV	56	82
SC_CHRIV	57	105
SC_CHRIV	58	120
SC_CHRIV	59	132
SC_CHRIV	60	116
SC_CHRIV	61	133
SC_CHRIV	62	118
SC_CHRIV	63	61
SC_CHRIV	64	49
SC_CHRIV	65	96
SC_CHRIV	66	103
SC_CHRIV	67	103
SC_CHRIV	68	125
SC_CHRIV	69	117
SC_CHRIV	70	108
SC_CHRIV	71	160
SC_CHRIV	72	86
SC_CHRIV	73	48
SC_CHRIV	74	76
SC_CHRIV	75	192
SC_CHRIV	76	58
SC_CHRIV	77	90
SC_CHRIV	78	70
SC_CHRIV	79	62
SC_CHRIV	80	75
SC_CHRIV	81	58
SC_CHRIV	82	75
SC_CHRIV	83	71
SC_CHRIV	84	87
SC_CHRIV	85	98
SC_CHRIV	86	88
SC_CHRIV	87	28
SC_CHRIV	88	43
SC_CHRIV	89	98
SC_CHRIV	90	89
SC_CHRIV	91	96
SC_CHRIV	92	88
SC_CHRIV	93	82
SC_CHRIV	94	80
SC_CHRIV	95	99
SC_CHRIV	96	70
SC_CHRIV	97	87
SC_CHRIV	98	40
SC_CHRIV	99	84
SC_CHRIV	100	87
SC_CHRIV	101	122
SC_CHRIV	102	52
SC_CHRIV	103	108
SC_CHRIV	104	84
SC_CHRIV	105	135
SC_CHRIV	106	63
SC_CHRIV	107	93
SC_CHRIV	108	83
SC_CHRIV	109	57
SC_CHRIV	110	100
SC_CHRIV	111	104
SC_CHRIV	112	104
SC_CHRIV	113	77
SC_CHRIV	114	95
SC_CHRIV	115	150
SC_CHRIV	116	192
SC_CHRIV	117	145
SC_CHRIV	118	114
SC_CHRIV	119	82
SC_CHRIV	120	48
SC_CHRIV	121	98
SC_CHRIV	122	81
SC_CHRIV	123	90
SC_CHRIV	124	88
SC_CHRIV	125	147
SC_CHRIV	126	81
SC_CHRIV	127	108
SC_CHRIV	128	78
SC_CHRIV	129	106
SC_CHRIV	130	209
SC_CHRIV	131	89
SC_CHRIV	132	68
SC_CHRIV	133	94
SC_CHRIV	134	104
SC_CHRIV	135	92
SC_CHRIV	136	72
SC_CHRIV	137	65
SC_CHRIV	138	102
SC_CHRIV	139	87
SC_CHRIV	140	109
SC_CHRIV	141	144
SC_CHRIV	142	152
SC_CHRIV	143	105
SC_CHRIV	144	100
SC_CHRIV	145	105
SC_CHRIV	146	140
SC_CHRIV	147	83
SC_CHRIV	148	74
SC_CHRIV	149	113
SC_CHRIV	150	120
SC_CHRIV	151	131
SC_CHRIV	152	98
SC_CHRXIV	0	0
SC_CHRXIV	1	50
SC_CHRXIV	2	152
SC_CHRXIV	3	117
SC_CHRXIV	4	130
SC_CHRXIV	5	98
SC_CHRXIV	6	90
SC_CHRXIV	7	84
SC_CHRXIV	8	91
SC_CHRXIV	9	39
SC_CHRXIV	10	79
SC_CHRXIV	11	169
SC_CHRXIV	12	105
SC_CHRXIV	13	194
SC_CHRXIV	14	117
SC_CHRXIV	15	64
SC_CHRXIV	16	77
SC_CHRXIV	17	49
SC_CHRXIV	18	72
SC_CHRXIV	19	82
SC_CHRXIV	20	101
SC_CHRXIV	21	88
SC_CHRXIV	22	76
SC_CHRXIV	23	71
SC_CHRXIV	24	67
SC_CHRXIV	25	86
SC_CHRXIV	26	76
SC_CHRXIV	27	95
SC_CHRXIV	28	72
SC_CHRXIV	29	74
SC_CHRXIV	30	117
SC_CHRXIV	31	73
SC_CHRXIV	32	55
SC_CHRXIV	33	72
SC_CHRXIV	34	111
SC_CHRXIV	35	112
SC_CHRXIV	36	98
SC_CHRXIV	37	81
SC_CHRXIV	38	72
SC_CHRXIV	39	105
SC_CHRXIV	40	109
SC_CHRXIV	41	98
SC_CHRXIV	42	88
SC_CHRXIV	43	92
SC_CHRXIV	44	103
SC_CHRXIV	45	59
SC_CHRXIV	46	69
SC_CHRXIV	47	92
SC_CHRXIV	48	93
SC_CHRXIV	49	92
SC_CHRXIV	50	93
SC_CHRXIV	51	80
SC_CHRXIV	52	47
SC_CHRXIV	53	85
SC_CHRXIV	54	73
SC_CHRXIV	55	88
SC_CHRXIV	56	64
SC_CHRXIV	57	49
SC_CHRXIV	58	95
SC_CHRXIV	59	93
SC_CHRXIV	60	49
SC_CHRXIV	61	78
SC_CHRXIV	62	56
SC_CHRXIV	63	56
SC_CHRXIV	64	66
SC_CHRXIV	65	109
SC_CHRXIV	66	85
SC_CHRXIV	67	109
SC_CHRXIV	68	78
SC_CHRXIV	69	98
SC_CHRXIV	70	193
SC_CHRXIV	71	86
SC_CHRXIV	72	109
SC_CHRXIV	73	133
SC_CHRXIV	74	172
SC_CHRXIV	75	118
SC_CHRXIV	76	88
SC_CHRXIV	77	96
SC_CHRXIV	78	10
SC_CHRXIII	0	33
SC_CHRXIII	1	101
SC_CHRXIII	2	141
SC_CHRXIII	3	89
SC_CHRXIII	4	106
SC_CHRXIII	5	85
SC_CHRXIII	6	116
SC_CHRXIII	7	125
SC_CHRXIII	8	116
SC_CHRXIII	9	99
SC_CHRXIII	10	90
SC_CHRXIII	11	58
SC_CHRXIII	12	94
SC_CHRXIII	13	116
SC_CHRXIII	14	56
SC_CHRXIII	15	73
SC_CHRXIII	16	102
SC_CHRXIII	17	79
SC_CHRXIII	18	42
SC_CHRXIII	19	96
SC_CHRXIII	20	74
SC_CHRXIII	21	80
SC_CHRXIII	22	87
SC_CHRXIII	23	89
SC_CHRXIII	24	58
SC_CHRXIII	25	57
SC_CHRXIII	26	86
SC_CHRXIII	27	82
SC_CHRXIII	28	70
SC_CHRXIII	29	66
SC_CHRXIII	30	80
SC_CHRXIII	31	85
SC_CHRXIII	32	64
SC_CHRXIII	33	92
SC_CHRXIII	34	92
SC_CHRXIII	35	55
SC_CHRXIII	36	86
SC_CHRXIII	37	89
SC_CHRXIII	38	66
SC_CHRXIII	39	89
SC_CHRXIII	40	76
SC_CHRXIII	41	80
SC_CHRXIII	42	74
SC_CHRXIII	43	111
SC_CHRXIII	44	138
SC_CHRXIII	45	95
SC_CHRXIII	46	91
SC_CHRXIII	47	65
SC_CHRXIII	48	101
SC_CHRXIII	49	110
SC_CHRXIII	50	77
SC_CHRXIII	51	126
SC_CHRXIII	52	52
SC_CHRXIII	53	72
SC_CHRXIII	54	80
SC_CHRXIII	55	77
SC_CHRXIII	56	159
SC_CHRXIII	57	96
SC_CHRXIII	58	89
SC_CHRXIII	59	78
SC_CHRXIII	60	128
SC_CHRXIII	61	67
SC_CHRXIII	62	91
SC_CHRXIII	63	55
SC_CHRXIII	64	107
SC_CHRXIII	65	75
SC_CHRXIII	66	83
SC_CHRXIII	67	72
SC_CHRXIII	68	79
SC_CHRXIII	69	91
SC_CHRXIII	70	112
SC_CHRXIII	71	118
SC_CHRXIII	72	92
SC_CHRXIII	73	70
SC_CHRXIII	74	82
SC_CHRXIII	75	162
SC_CHRXIII	76	157
SC_CHRXIII	77	135
SC_CHRXIII	78	88
SC_CHRXIII	79	96
SC_CHRXIII	80	158
SC_CHRXIII	81	94
SC_CHRXIII	82	106
SC_CHRXIII	83	87
SC_CHRXIII	84	98
SC_CHRXIII	85	89
SC_CHRXIII	86	76
SC_CHRXIII	87	73
SC_CHRXIII	88	66
SC_CHRXIII	89	95
SC_CHRXIII	90	316
SC_CHRXIII	91	168
SC_CHRX	0	0
SC_CHRX	1	14
SC_CHRX	2	409
SC_CHRX	3	232
SC_CHRX	4	72
SC_CHRX	5	127
SC_CHRX	6	132
SC_CHRX	7	136
SC_CHRX	8	134
SC_CHRX	9	125
SC_CHRX	10	127
SC_CHRX	11	178
SC_CHRX	12	154
SC_CHRX	13	135
SC_CHRX	14	149
SC_CHRX	15	109
SC_CHRX	16	101
SC_CHRX	17	79
SC_CHRX	18	99
SC_CHRX	19	70
SC_CHRX	20	105
SC_CHRX	21	112
SC_CHRX	22	103
SC_CHRX	23	123
SC_CHRX	24	135
SC_CHRX	25	160
SC_CHRX	26	90
SC_CHRX	27	74
SC_CHRX	28	86
SC_CHRX	29	144
SC_CHRX	30	101
SC_CHRX	31	97
SC_CHRX	32	134
SC_CHRX	33	93
SC_CHRX	34	78
SC_CHRX	35	111
SC_CHRX	36	75
SC_CHRX	37	109
SC_CHRX	38	82
SC_CHRX	39	87
SC_CHRX	40	84
SC_CHRX	41	60
SC_CHRX	42	52
SC_CHRX	43	55
SC_CHRX	44	68
SC_CHRX	45	51
SC_CHRX	46	77
SC_CHRX	47	29
SC_CHRX	48	59
SC_CHRX	49	60
SC_CHRX	50	108
SC_CHRX	51	133
SC_CHRX	52	110
SC_CHRX	53	94
SC_CHRX	54	113
SC_CHRX	55	82
SC_CHRX	56	72
SC_CHRX	57	96
SC_CHRX	58	113
SC_CHRX	59	69
SC_CHRX	60	147
SC_CHRX	61	93
SC_CHRX	62	93
SC_CHRX	63	70
SC_CHRX	64	115
SC_CHRX	65	117
SC_CHRX	66	96
SC_CHRX	67	69
SC_CHRX	68	62
SC_CHRX	69	56
SC_CHRX	70	101
SC_CHRX	71	64
SC_CHRX	72	93
SC_CHRXVI	0	0
SC_CHRXVI	1	35
SC_CHRXVI	2	260
SC_CHRXVI	3	120
SC_CHRXVI	4	108
SC_CHRXVI	5	65
SC_CHRXVI	6	141
SC_CHRXVI	7	85
SC_CHRXVI	8	117
SC_CHRXVI	9	94
SC_CHRXVI	10	128
SC_CHRXVI	11	100
SC_CHRXVI	12	105
SC_CHRXVI	13	87
SC_CHRXVI	14	102
SC_CHRXVI	15	74
SC_CHRXVI	16	120
SC_CHRXVI	17	70
SC_CHRXVI	18	89
SC_CHRXVI	19	116
SC_CHRXVI	20	117
SC_CHRXVI	21	123
SC_CHRXVI	22	101
SC_CHRXVI	23	125
SC_CHRXVI	24	88
SC_CHRXVI	25	123
SC_CHRXVI	26	89
SC_CHRXVI	27	88
SC_CHRXVI	28	92
SC_CHRXVI	29	102
SC_CHRXVI	30	98
SC_CHRXVI	31	73
SC_CHRXVI	32	104
SC_CHRXVI	33	125
SC_CHRXVI	34	201
SC_CHRXVI	35	111
SC_CHRXVI	36	92
SC_CHRXVI	37	83
SC_CHRXVI	38	78
SC_CHRXVI	39	45
SC_CHRXVI	40	77
SC_CHRXVI	41	69
SC_CHRXVI	42	98
SC_CHRXVI	43	60
SC_CHRXVI	44	58
SC_CHRXVI	45	102
SC_CHRXVI	46	84
SC_CHRXVI	47	87
SC_CHRXVI	48	78
SC_CHRXVI	49	68
SC_CHRXVI	50	95
SC_CHRXVI	51	101
SC_CHRXVI	52	135
SC_CHRXVI	53	78
SC_CHRXVI	54	70
SC_CHRXVI	55	62
SC_CHRXVI	56	73
SC_CHRXVI	57	90
SC_CHRXVI	58	179
SC_CHRXVI	59	120
SC_CHRXVI	60	77
SC_CHRXVI	61	107
SC_CHRXVI	62	117
SC_CHRXVI	63	61
SC_CHRXVI	64	61
SC_CHRXVI	65	114
SC_CHRXVI	66	76
SC_CHRXVI	67	97
SC_CHRXVI	68	103
SC_CHRXVI	69	84
SC_CHRXVI	70	79
SC_CHRXVI	71	68
SC_CHRXVI	72	85
SC_CHRXVI	73	71
SC_CHRXVI	74	91
SC_CHRXVI	75	100
SC_CHRXVI	76	39
SC_CHRXVI	77	86
SC_CHRXVI	78	94
SC_CHRXVI	79	81
SC_CHRXVI	80	64
SC_CHRXVI	81	68
SC_CHRXVI	82	91
SC_CHRXVI	83	66
SC_CHRXVI	84	52
SC_CHRXVI	85	14
SC_CHRXVI	86	65
SC_CHRXVI	87	87
SC_CHRXVI	88	132
SC_CHRXVI	89	110
SC_CHRXVI	90	114
SC_CHRXVI	91	73
SC_CHRXVI	92	219
SC_CHRXVI	93	194
SC_CHRXVI	94	28
SC_CHRV	0	25
SC_CHRV	1	151
SC_CHRV	2	105
SC_CHRV	3	86
SC_CHRV	4	129
SC_CHRV	5	82
SC_CHRV	6	103
SC_CHRV	7	107
SC_CHRV	8	101
SC_CHRV	9	117
SC_CHRV	10	128
SC_CHRV	11	101
SC_CHRV	12	87
SC_CHRV	13	69
SC_CHRV	14	37
SC_CHRV	15	69
SC_CHRV	16	54
SC_CHRV	17	74
SC_CHRV	18	94
SC_CHRV	19	117
SC_CHRV	20	93
SC_CHRV	21	113
SC_CHRV	22	96
SC_CHRV	23	92
SC_CHRV	24	166
SC_CHRV	25	93
SC_CHRV	26	101
SC_CHRV	27	62
SC_CHRV	28	72
SC_CHRV	29	52
SC_CHRV	30	62
SC_CHRV	31	108
SC_CHRV	32	65
SC_CHRV	33	76
SC_CHRV	34	75
SC_CHRV	35	81
SC_CHRV	36	73
SC_CHRV	37	111
SC_CHRV	38	80
SC_CHRV	39	77
SC_CHRV	40	81
SC_CHRV	41	65
SC_CHRV	42	91
SC_CHRV	43	81
SC_CHRV	44	52
SC_CHRV	45	86
SC_CHRV	46	81
SC_CHRV	47	103
SC_CHRV	48	99
SC_CHRV	49	55
SC_CHRV	50	101
SC_CHRV	51	55
SC_CHRV	52	79
SC_CHRV	53	65
SC_CHRV	54	106
SC_CHRV	55	178
SC_CHRV	56	442
SC_CHRV	57	8
